,Year,Projected Adjusted Sea Level (in),Projected Global Surface Temperature Anomaly (celsius),Projected Greenland Ice Mass Change (billion metric tons),Projected Global CO2 Emissions (billion metric tons)
0,2023,9.908340413875234,0.9424046999999973,-4179.085000000021,39.79476999999997
1,2024,10.026112127628076,0.9541135999999959,-4354.48000000004,40.37976000000003
2,2025,10.143883841380879,0.965822499999998,-4529.875,40.96474999999987
3,2026,10.261655555133721,0.9775313999999966,-4705.270000000019,41.54973999999993
4,2027,10.379427268886566,0.9892402999999987,-4880.665000000037,42.13472999999999
5,2028,10.497198982639368,1.0009491999999973,-5056.059999999998,42.719719999999825
6,2029,10.614970696392211,1.012658099999996,-5231.455000000016,43.304709999999886
7,2030,10.732742410145056,1.024366999999998,-5406.850000000035,43.88969999999995
8,2031,10.850514123897888,1.0360758999999966,-5582.244999999995,44.47469000000001
9,2032,10.9682858376507,1.0477847999999987,-5757.640000000014,45.059679999999844
10,2033,11.086057551403545,1.0594936999999973,-5933.035000000033,45.644669999999905
11,2034,11.203829265156378,1.071202599999996,-6108.429999999993,46.22965999999997
12,2035,11.321600978909224,1.082911499999998,-6283.825000000012,46.81465000000003
13,2036,11.439372692662033,1.0946203999999966,-6459.22000000003,47.39963999999986
14,2037,11.557144406414878,1.1063292999999987,-6634.615000000049,47.984629999999925
15,2038,11.674916120167712,1.1180381999999973,-6810.010000000009,48.569619999999986
16,2039,11.792687833920521,1.129747099999996,-6985.405000000028,49.15460999999982
17,2040,11.910459547673366,1.141455999999998,-7160.800000000047,49.73959999999988
18,2041,12.0282312614262,1.1531648999999966,-7336.195000000007,50.324589999999944
19,2042,12.146002975179044,1.1648737999999987,-7511.590000000026,50.909580000000005
20,2043,12.263774688931857,1.1765826999999973,-7686.985000000044,51.49456999999984
21,2044,12.381546402684691,1.188291599999996,-7862.380000000005,52.0795599999999
22,2045,12.499318116437536,1.200000499999998,-8037.775000000023,52.66454999999996
23,2046,12.617089830190377,1.2117093999999966,-8213.170000000042,53.249540000000025
24,2047,12.734861543943179,1.2234182999999987,-8388.565000000002,53.83452999999986
25,2048,12.852633257696024,1.2351271999999973,-8563.960000000021,54.41951999999992
26,2049,12.970404971448868,1.246836099999996,-8739.35500000004,55.00450999999998
27,2050,13.08817668520167,1.258544999999998,-8914.75,55.589499999999816
28,2051,13.205948398954511,1.2702538999999966,-9090.145000000019,56.17448999999988
29,2052,13.323720112707356,1.2819627999999987,-9265.540000000037,56.75947999999994
30,2053,13.44149182646019,1.2936716999999973,-9440.934999999998,57.34447
31,2054,13.559263540213003,1.305380599999996,-9616.330000000016,57.929459999999835
32,2055,13.677035253965848,1.317089499999998,-9791.725000000035,58.5144499999999
33,2056,13.794806967718682,1.3287983999999966,-9967.119999999995,59.09943999999996
34,2057,13.912578681471526,1.3405072999999987,-10142.515000000014,59.68443000000002
35,2058,14.030350395224335,1.3522161999999973,-10317.910000000033,60.269419999999855
36,2059,14.14812210897717,1.363925099999996,-10493.304999999993,60.854409999999916
37,2060,14.265893822730014,1.375633999999998,-10668.700000000012,61.43939999999998
38,2061,14.383665536482823,1.3873428999999966,-10844.09500000003,62.02438999999981
39,2062,14.501437250235668,1.3990517999999987,-11019.490000000049,62.609379999999874
40,2063,14.619208963988502,1.4107606999999973,-11194.88500000001,63.194369999999935
41,2064,14.736980677741347,1.422469599999996,-11370.280000000028,63.77936
42,2065,14.854752391494156,1.434178499999998,-11545.675000000047,64.36434999999983
43,2066,14.97252410524699,1.4458873999999966,-11721.070000000007,64.94933999999989
44,2067,15.090295818999834,1.4575962999999987,-11896.465000000026,65.53432999999995
45,2068,15.208067532752679,1.4693051999999973,-12071.860000000044,66.11932000000002
46,2069,15.325839246505481,1.481014099999996,-12247.255000000005,66.70430999999985
47,2070,15.443610960258326,1.492722999999998,-12422.650000000023,67.28929999999991
48,2071,15.561382674011167,1.5044318999999966,-12598.045000000042,67.87428999999997
49,2072,15.679154387763969,1.5161407999999987,-12773.440000000002,68.45927999999981
50,2073,15.796926101516814,1.5278496999999973,-12948.835000000021,69.04426999999987
51,2074,15.914697815269658,1.539558599999996,-13124.23000000004,69.62925999999993
52,2075,16.032469529022492,1.551267499999998,-13299.625,70.21424999999999
53,2076,16.150241242775305,1.5629763999999966,-13475.020000000019,70.79923999999983
54,2077,16.26801295652815,1.5746852999999987,-13650.415000000037,71.38422999999989
55,2078,16.38578467028098,1.5863941999999973,-13825.809999999998,71.96921999999995
56,2079,16.503556384033825,1.598103099999996,-14001.205000000016,72.55421000000001
57,2080,16.621328097786634,1.609811999999998,-14176.600000000035,73.13919999999985
58,2081,16.73909981153947,1.6215208999999966,-14351.994999999995,73.72418999999991
59,2082,16.856871525292316,1.6332297999999987,-14527.390000000014,74.30917999999997
60,2083,16.974643239045157,1.6449386999999973,-14702.785000000033,74.89417000000003
61,2084,17.09241495279796,1.656647599999996,-14878.179999999993,75.47915999999987
62,2085,17.210186666550804,1.668356499999998,-15053.575000000012,76.06414999999993
63,2086,17.32795838030365,1.6800653999999966,-15228.97000000003,76.64913999999999
64,2087,17.445730094056458,1.6917742999999987,-15404.365000000049,77.23412999999982
65,2088,17.563501807809292,1.7034831999999973,-15579.76000000001,77.81911999999988
66,2089,17.681273521562137,1.715192099999996,-15755.155000000028,78.40410999999995
67,2090,17.79904523531498,1.726900999999998,-15930.550000000047,78.98910000000001
68,2091,17.916816949067783,1.7386098999999966,-16105.945000000007,79.57408999999984
69,2092,18.034588662820624,1.7503187999999987,-16281.340000000026,80.1590799999999
70,2093,18.15236037657347,1.7620276999999973,-16456.735000000044,80.74406999999997
71,2094,18.270132090326303,1.7737365999999959,-16632.130000000005,81.32906000000003
72,2095,18.387903804079116,1.785445499999998,-16807.525000000023,81.91404999999986
73,2096,18.50567551783196,1.7971543999999966,-16982.920000000042,82.49903999999992
74,2097,18.62344723158479,1.8088632999999987,-17158.315000000002,83.08402999999998
75,2098,18.741218945337604,1.8205721999999973,-17333.71000000002,83.66901999999982
76,2099,18.85899065909045,1.8322810999999959,-17509.10500000004,84.25400999999988
77,2100,18.976762372843282,1.843989999999998,-17684.5,84.83899999999994
78,2101,19.094534086596127,1.8556988999999966,-17859.89500000002,85.42399
79,2102,19.21230580034894,1.8674077999999987,-18035.290000000037,86.00897999999984
80,2103,19.330077514101774,1.8791166999999973,-18210.684999999998,86.5939699999999
81,2104,19.447849227854615,1.8908255999999959,-18386.080000000016,87.17895999999996
82,2105,19.56562094160746,1.902534499999998,-18561.475000000035,87.76395000000002
83,2106,19.683392655360258,1.9142433999999966,-18736.869999999995,88.34893999999986
84,2107,19.801164369113103,1.9259522999999987,-18912.265000000014,88.93392999999992
85,2108,19.91893608286595,1.9376611999999973,-19087.660000000033,89.51891999999998
86,2109,20.03670779661875,1.9493700999999959,-19263.054999999993,90.10390999999981
87,2110,20.154479510371594,1.961078999999998,-19438.45000000001,90.68889999999988
88,2111,20.27225122412444,1.9727878999999966,-19613.84500000003,91.27388999999994
89,2112,20.390022937877283,1.9844967999999987,-19789.24000000005,91.85888
90,2113,20.507794651630082,1.9962056999999973,-19964.63500000001,92.44386999999983
91,2114,20.625566365382927,2.007914599999996,-20140.030000000028,93.0288599999999
92,2115,20.74333807913577,2.019623499999998,-20315.425000000047,93.61384999999996
93,2116,20.861109792888605,2.0313323999999966,-20490.820000000007,94.19884000000002
94,2117,20.978881506641418,2.0430412999999987,-20666.215000000026,94.78382999999985
95,2118,21.09665322039426,2.0547501999999973,-20841.610000000044,95.36881999999991
96,2119,21.214424934147093,2.066459099999996,-21017.005000000005,95.95380999999998
97,2120,21.332196647899906,2.078167999999998,-21192.400000000023,96.53879999999981
98,2121,21.44996836165275,2.0898768999999966,-21367.795000000042,97.12378999999987
99,2122,21.567740075405585,2.1015857999999987,-21543.190000000002,97.70877999999993
100,2123,21.685511789158426,2.1132946999999973,-21718.58500000002,98.29377
101,2124,21.80328350291124,2.125003599999996,-21893.98000000004,98.87875999999983
102,2125,21.921055216664072,2.136712499999998,-22069.375,99.46374999999989
103,2126,22.038826930416917,2.1484213999999966,-22244.77000000002,100.04873999999995
104,2127,22.15659864416976,2.1601302999999987,-22420.165000000037,100.63373000000001
105,2128,22.27437035792256,2.1718391999999973,-22595.559999999998,101.21871999999985
106,2129,22.39214207167541,2.183548099999996,-22770.955000000016,101.80370999999991
107,2130,22.50991378542825,2.195256999999998,-22946.350000000035,102.38869999999997
108,2131,22.627685499181084,2.2069658999999966,-23121.744999999995,102.97369000000003
109,2132,22.745457212933893,2.2186747999999987,-23297.140000000014,103.55867999999987
110,2133,22.863228926686737,2.2303836999999973,-23472.535000000033,104.14366999999993
111,2134,22.981000640439575,2.242092599999996,-23647.929999999993,104.72865999999999
112,2135,23.098772354192384,2.253801499999998,-23823.32500000001,105.31364999999983
113,2136,23.21654406794523,2.2655103999999966,-23998.72000000003,105.89863999999989
114,2137,23.334315781698074,2.2772192999999987,-24174.11500000005,106.48362999999995
115,2138,23.452087495450904,2.2889281999999973,-24349.51000000001,107.06862000000001
116,2139,23.569859209203717,2.300637099999996,-24524.905000000028,107.65360999999984
117,2140,23.68763092295656,2.312345999999998,-24700.300000000047,108.2385999999999
118,2141,23.805402636709395,2.3240548999999966,-24875.695000000007,108.82358999999997
119,2142,23.92317435046224,2.3357637999999987,-25051.090000000026,109.40858000000003
120,2143,24.04094606421505,2.3474726999999973,-25226.485000000044,109.99356999999986
121,2144,24.158717777967883,2.359181599999996,-25401.880000000005,110.57855999999992
122,2145,24.27648949172073,2.370890499999998,-25577.275000000023,111.16354999999999
123,2146,24.39426120547354,2.3825993999999966,-25752.670000000042,111.74853999999982
124,2147,24.51203291922637,2.3943082999999987,-25928.065000000002,112.33352999999988
125,2148,24.62980463297922,2.4060171999999973,-26103.46000000002,112.91851999999994
126,2149,24.74757634673206,2.417726099999996,-26278.85500000004,113.50351
127,2150,24.865348060484862,2.429434999999998,-26454.25,114.08849999999984
128,2151,24.983119774237707,2.4411438999999966,-26629.64500000002,114.6734899999999
129,2152,25.100891487990552,2.4528527999999987,-26805.040000000037,115.25847999999996
130,2153,25.218663201743382,2.4645616999999973,-26980.434999999998,115.84347000000002
131,2154,25.3364349154962,2.476270599999996,-27155.830000000016,116.42845999999986
132,2155,25.45420662924904,2.487979499999998,-27331.225000000035,117.01344999999992
133,2156,25.571978343001874,2.4996883999999966,-27506.619999999995,117.59843999999998
134,2157,25.689750056754686,2.5113972999999987,-27682.015000000014,118.18342999999982
135,2158,25.80752177050753,2.5231061999999973,-27857.410000000033,118.76841999999988
136,2159,25.925293484260365,2.534815099999996,-28032.804999999993,119.35340999999994
137,2160,26.04306519801321,2.546523999999998,-28208.20000000001,119.9384
138,2161,26.16083691176602,2.5582328999999966,-28383.59500000003,120.52338999999984
139,2162,26.278608625518864,2.5699417999999987,-28558.99000000005,121.1083799999999
140,2163,26.396380339271694,2.5816506999999973,-28734.38500000001,121.69336999999996
141,2164,26.514152053024542,2.593359599999996,-28909.780000000028,122.27836000000002
142,2165,26.63192376677735,2.605068499999998,-29085.175000000047,122.86334999999985
143,2166,26.74969548053019,2.6167773999999966,-29260.570000000007,123.44833999999992
144,2167,26.86746719428303,2.6284862999999987,-29435.965000000026,124.03332999999998
145,2168,26.98523890803584,2.6401951999999973,-29611.360000000044,124.61831999999981
146,2169,27.103010621788677,2.651904099999996,-29786.755000000005,125.20330999999987
147,2170,27.220782335541518,2.663612999999998,-29962.150000000023,125.78829999999994
148,2171,27.338554049294363,2.6753218999999966,-30137.545000000042,126.37329
149,2172,27.456325763047165,2.6870307999999987,-30312.940000000002,126.95827999999983
150,2173,27.57409747680001,2.6987396999999973,-30488.33500000002,127.5432699999999
151,2174,27.69186919055285,2.710448599999996,-30663.73000000004,128.12825999999995
152,2175,27.809640904305688,2.722157499999998,-30839.125,128.71325000000002
153,2176,27.927412618058497,2.7338663999999966,-31014.52000000002,129.29823999999985
154,2177,28.045184331811342,2.7455752999999987,-31189.915000000037,129.8832299999999
155,2178,28.162956045564176,2.7572841999999973,-31365.309999999998,130.46821999999997
156,2179,28.28072775931699,2.768993099999996,-31540.705000000016,131.0532099999998
157,2180,28.39849947306983,2.780701999999998,-31716.100000000035,131.63819999999987
158,2181,28.516271186822664,2.7924108999999966,-31891.494999999995,132.22318999999993
159,2182,28.63404290057551,2.8041197999999987,-32066.890000000014,132.80818
160,2183,28.75181461432832,2.8158286999999973,-32242.285000000033,133.39316999999983
161,2184,28.869586328081162,2.827537599999996,-32417.68000000005,133.9781599999999
162,2185,28.987358041834,2.839246499999998,-32593.07500000001,134.56314999999995
163,2186,29.10512975558684,2.8509553999999966,-32768.47000000003,135.14814
164,2187,29.222901469339654,2.8626642999999987,-32943.86500000005,135.73312999999985
165,2188,29.340673183092488,2.8743731999999973,-33119.26000000001,136.3181199999999
166,2189,29.458444896845332,2.886082099999996,-33294.65500000003,136.90310999999997
167,2190,29.576216610598173,2.897790999999998,-33470.05000000005,137.48810000000003
168,2191,29.693988324350975,2.9094998999999966,-33645.44500000001,138.07308999999987
169,2192,29.81176003810382,2.9212087999999987,-33820.840000000026,138.65807999999993
170,2193,29.929531751856665,2.9329176999999973,-33996.235000000044,139.24307
171,2194,30.047303465609467,2.944626599999996,-34171.630000000005,139.82805999999982
172,2195,30.165075179362308,2.956335499999998,-34347.02500000002,140.41304999999988
173,2196,30.282846893115153,2.9680443999999966,-34522.42000000004,140.99803999999995
174,2197,30.400618606867987,2.9797532999999987,-34697.815,141.58303
175,2198,30.5183903206208,2.9914621999999973,-34873.21000000002,142.16801999999984
176,2199,30.63616203437364,3.003171099999996,-35048.60500000004,142.7530099999999
177,2200,30.753933748126478,3.014879999999998,-35224.0,143.33799999999997
178,2201,30.87170546187932,3.0265888999999966,-35399.39500000002,143.92299000000003
179,2202,30.989477175632132,3.0382977999999987,-35574.79000000004,144.50797999999986
180,2203,31.107248889384966,3.0500066999999973,-35750.185,145.09296999999992
181,2204,31.22502060313781,3.061715599999996,-35925.580000000016,145.67795999999998
182,2205,31.34279231689062,3.073424499999998,-36100.975000000035,146.26294999999982
183,2206,31.460564030643454,3.0851333999999966,-36276.369999999995,146.84793999999988
184,2207,31.5783357443963,3.0968422999999987,-36451.765000000014,147.43292999999994
185,2208,31.696107458149143,3.1085511999999973,-36627.16000000003,148.01792
186,2209,31.813879171901952,3.120260099999996,-36802.55500000005,148.60290999999984
187,2210,31.93165088565479,3.131968999999998,-36977.95000000001,149.1878999999999
188,2211,32.04942259940763,3.1436778999999966,-37153.34500000003,149.77288999999996
189,2212,32.16719431316048,3.1553867999999987,-37328.74000000005,150.35788000000002
190,2213,32.284966026913274,3.1670956999999973,-37504.13500000001,150.94286999999986
191,2214,32.40273774066612,3.178804599999996,-37679.53000000003,151.52785999999992
192,2215,32.52050945441896,3.190513499999998,-37854.92500000005,152.11284999999998
193,2216,32.638281168171766,3.2022223999999966,-38030.32000000001,152.69783999999981
194,2217,32.75605288192461,3.2139312999999987,-38205.715000000026,153.28282999999988
195,2218,32.873824595677455,3.2256401999999973,-38381.110000000044,153.86781999999994
196,2219,32.991596309430285,3.237349099999996,-38556.505000000005,154.45281
197,2220,33.109368023183094,3.249057999999998,-38731.90000000002,155.03779999999983
198,2221,33.227139736935946,3.2607668999999966,-38907.29500000004,155.6227899999999
199,2222,33.34491145068878,3.2724757999999987,-39082.69,156.20777999999996
200,2223,33.46268316444162,3.2841846999999973,-39258.08500000002,156.79277000000002
201,2224,33.58045487819443,3.295893599999996,-39433.48000000004,157.37775999999985
202,2225,33.69822659194727,3.307602499999998,-39608.875,157.96274999999991
203,2226,33.815998305700106,3.3193113999999966,-39784.27000000002,158.54773999999998
204,2227,33.93377001945292,3.3310202999999987,-39959.66500000004,159.1327299999998
205,2228,34.05154173320575,3.3427291999999973,-40135.06,159.71771999999987
206,2229,34.1693134469586,3.354438099999996,-40310.455000000016,160.30270999999993
207,2230,34.28708516071144,3.366146999999998,-40485.850000000035,160.8877
208,2231,34.404856874464244,3.3778558999999966,-40661.244999999995,161.47268999999983
209,2232,34.52262858821709,3.3895647999999987,-40836.640000000014,162.0576799999999
210,2233,34.64040030196993,3.4012736999999973,-41012.03500000003,162.64266999999995
211,2234,34.75817201572278,3.412982599999996,-41187.43000000005,163.22766000000001
212,2235,34.87594372947557,3.424691499999998,-41362.82500000001,163.81264999999985
213,2236,34.99371544322842,3.4364003999999966,-41538.22000000003,164.3976399999999
214,2237,35.11148715698127,3.4481092999999987,-41713.61500000005,164.98262999999997
215,2238,35.2292588707341,3.4598181999999973,-41889.01000000001,165.56762000000003
216,2239,35.34703058448691,3.471527099999996,-42064.40500000003,166.15260999999987
217,2240,35.46480229823975,3.483235999999998,-42239.80000000005,166.73759999999993
218,2241,35.58257401199259,3.4949448999999966,-42415.19500000001,167.32259
219,2242,35.7003457257454,3.5066537999999987,-42590.590000000026,167.90757999999983
220,2243,35.818117439498245,3.5183626999999973,-42765.985000000044,168.4925699999999
221,2244,35.935889153251075,3.530071599999996,-42941.380000000005,169.07755999999995
222,2245,36.05366086700392,3.541780499999998,-43116.77500000002,169.66255
223,2246,36.171432580756736,3.5534893999999966,-43292.17000000004,170.24753999999984
224,2247,36.28920429450957,3.5651982999999987,-43467.565,170.8325299999999
225,2248,36.40697600826241,3.5769071999999973,-43642.96000000002,171.41751999999997
226,2249,36.524747722015256,3.588616099999996,-43818.35500000004,172.00251000000003
227,2250,36.64251943576806,3.600324999999998,-43993.75,172.58749999999986
228,2251,36.7602911495209,3.6120338999999966,-44169.14500000002,173.17248999999993
229,2252,36.87806286327375,3.6237427999999987,-44344.54000000004,173.75748
230,2253,36.99583457702655,3.6354516999999973,-44519.935,174.34246999999982
231,2254,37.113606290779394,3.647160599999996,-44695.330000000016,174.92745999999988
232,2255,37.23137800453223,3.658869499999998,-44870.725000000035,175.51244999999994
233,2256,37.34914971828507,3.6705783999999966,-45046.119999999995,176.09744
234,2257,37.46692143203788,3.6822872999999987,-45221.515000000014,176.68242999999984
235,2258,37.58469314579072,3.6939961999999973,-45396.91000000003,177.2674199999999
236,2259,37.70246485954357,3.705705099999996,-45572.30500000005,177.85240999999996
237,2260,37.820236573296405,3.717413999999998,-45747.70000000001,178.43740000000003
238,2261,37.938008287049215,3.7291228999999966,-45923.09500000003,179.02238999999986
239,2262,38.05578000080206,3.7408317999999987,-46098.49000000005,179.60737999999992
240,2263,38.17355171455489,3.7525406999999973,-46273.88500000001,180.19236999999998
241,2264,38.2913234283077,3.764249599999996,-46449.28000000003,180.77735999999982
242,2265,38.40909514206054,3.775958499999998,-46624.67500000005,181.36234999999988
243,2266,38.526866855813374,3.7876673999999966,-46800.07000000001,181.94733999999994
244,2267,38.644638569566226,3.7993762999999987,-46975.465000000026,182.53233
245,2268,38.762410283319035,3.8110851999999973,-47150.860000000044,183.11731999999984
246,2269,38.88018199707187,3.822794099999996,-47326.255000000005,183.7023099999999
247,2270,38.99795371082471,3.834502999999998,-47501.65000000002,184.28729999999996
248,2271,39.115725424577555,3.8462118999999966,-47677.04500000004,184.87229000000002
249,2272,39.23349713833036,3.8579207999999987,-47852.44,185.45727999999986
250,2273,39.3512688520832,3.8696296999999973,-48027.83500000002,186.04226999999992
251,2274,39.469040565836046,3.881338599999996,-48203.23000000004,186.62725999999998
252,2275,39.58681227958885,3.893047499999998,-48378.625,187.2122499999998
253,2276,39.70458399334169,3.9047563999999966,-48554.02000000002,187.79723999999987
254,2277,39.82235570709454,3.9164652999999987,-48729.41500000004,188.38222999999994
255,2278,39.94012742084737,3.9281741999999973,-48904.81,188.96722
256,2279,40.057899134600184,3.939883099999996,-49080.205000000016,189.55220999999983
257,2280,40.17567084835303,3.951591999999998,-49255.600000000035,190.1371999999999
258,2281,40.29344256210586,3.9633008999999966,-49430.994999999995,190.72218999999996
259,2282,40.411214275858704,3.9750097999999987,-49606.390000000014,191.30718000000002
260,2283,40.52898598961152,3.9867186999999973,-49781.78500000003,191.89216999999985
261,2284,40.64675770336436,3.998427599999996,-49957.18000000005,192.4771599999999
262,2285,40.764529417117195,4.010136499999998,-50132.57500000001,193.06214999999997
263,2286,40.88230113087003,4.021845399999997,-50307.97000000003,193.64714000000004
264,2287,41.00007284462284,4.033554299999999,-50483.36500000005,194.23212999999987
265,2288,41.11784455837568,4.045263199999997,-50658.76000000001,194.81711999999993
266,2289,41.235616272128524,4.056972099999996,-50834.15500000003,195.40211
267,2290,41.353387985881334,4.068680999999998,-51009.55000000005,195.98709999999983
268,2291,41.47115969963417,4.080389899999997,-51184.94500000001,196.5720899999999
269,2292,41.588931413387016,4.092098799999999,-51360.340000000026,197.15707999999995
270,2293,41.70670312713985,4.103807699999997,-51535.735000000044,197.74207
271,2294,41.824474840892655,4.115516599999996,-51711.130000000005,198.32705999999985
272,2295,41.9422465546455,4.127225499999998,-51886.52500000002,198.9120499999999
273,2296,42.060018268398345,4.138934399999997,-52061.92000000004,199.49703999999997
274,2297,42.177789982151175,4.150643299999999,-52237.315,200.08203000000003
275,2298,42.29556169590399,4.162352199999997,-52412.71000000002,200.66701999999987
276,2299,42.413333409656836,4.174061099999996,-52588.10500000004,201.25200999999993
277,2300,42.531105123409674,4.185769999999998,-52763.5,201.837
278,2301,42.64887683716248,4.197478899999997,-52938.89500000002,202.42198999999982
279,2302,42.76664855091533,4.209187799999999,-53114.29000000004,203.00697999999988
280,2303,42.88442026466816,4.220896699999997,-53289.685,203.59196999999995
281,2304,43.002191978421,4.232605599999996,-53465.080000000016,204.17696
282,2305,43.11996369217382,4.244314499999998,-53640.475000000035,204.76194999999984
283,2306,43.23773540592665,4.256023399999997,-53815.869999999995,205.3469399999999
284,2307,43.355507119679494,4.267732299999999,-53991.265000000014,205.93192999999997
285,2308,43.47327883343234,4.279441199999997,-54166.66000000003,206.51692000000003
286,2309,43.59105054718515,4.291150099999996,-54342.05500000005,207.10190999999986
287,2310,43.708822260937986,4.302858999999998,-54517.45000000001,207.68689999999992
288,2311,43.82659397469083,4.314567899999997,-54692.84500000003,208.27188999999998
289,2312,43.94436568844363,4.326276799999999,-54868.24000000005,208.85687999999982
290,2313,44.06213740219647,4.337985699999997,-55043.63500000001,209.44186999999988
291,2314,44.179909115949314,4.349694599999996,-55219.03000000003,210.02685999999994
292,2315,44.29768082970216,4.361403499999998,-55394.42500000005,210.61185
293,2316,44.415452543454954,4.373112399999997,-55569.82000000001,211.19683999999984
294,2317,44.533224257207806,4.384821299999999,-55745.215000000026,211.7818299999999
295,2318,44.65099597096064,4.396530199999997,-55920.610000000044,212.36681999999996
296,2319,44.76876768471348,4.408239099999996,-56096.005000000005,212.95181000000002
297,2320,44.88653939846629,4.419947999999998,-56271.40000000002,213.53679999999986
298,2321,45.004311112219135,4.431656899999997,-56446.79500000004,214.12178999999992
299,2322,45.12208282597197,4.443365799999999,-56622.19,214.70677999999998
300,2323,45.23985453972478,4.455074699999997,-56797.58500000002,215.29176999999981
301,2324,45.357626253477626,4.466783599999996,-56972.98000000004,215.87675999999988
302,2325,45.475397967230464,4.478492499999998,-57148.375,216.46174999999994
303,2326,45.5931696809833,4.490201399999997,-57323.77000000002,217.04674
304,2327,45.71094139473612,4.501910299999999,-57499.16500000004,217.63172999999983
305,2328,45.82871310848895,4.513619199999997,-57674.56,218.2167199999999
306,2329,45.94648482224179,4.525328099999996,-57849.955000000016,218.80170999999996
307,2330,46.06425653599464,4.537036999999998,-58025.350000000035,219.38670000000002
308,2331,46.18202824974744,4.548745899999997,-58200.744999999995,219.97168999999985
309,2332,46.299799963500284,4.560454799999999,-58376.140000000014,220.55667999999991
310,2333,46.41757167725313,4.572163699999997,-58551.53500000003,221.14166999999998
311,2334,46.53534339100594,4.583872599999996,-58726.93000000005,221.7266599999998
312,2335,46.653115104758776,4.595581499999998,-58902.32500000001,222.31164999999987
313,2336,46.77088681851161,4.607290399999997,-59077.72000000003,222.89663999999993
314,2337,46.88865853226446,4.618999299999999,-59253.11500000005,223.48163
315,2338,47.00643024601726,4.630708199999997,-59428.51000000001,224.06661999999983
316,2339,47.124201959770105,4.642417099999996,-59603.90500000003,224.6516099999999
317,2340,47.24197367352295,4.654125999999998,-59779.30000000005,225.23659999999995
318,2341,47.35974538727579,4.665834899999997,-59954.69500000001,225.82159000000001
319,2342,47.477517101028596,4.677543799999999,-60130.090000000026,226.40657999999985
320,2343,47.59528881478144,4.689252699999997,-60305.485000000044,226.9915699999999
321,2344,47.71306052853427,4.700961599999996,-60480.880000000005,227.57655999999997
322,2345,47.830832242287116,4.712670499999998,-60656.27500000002,228.16155000000003
323,2346,47.948603956039925,4.724379399999997,-60831.67000000004,228.74653999999987
324,2347,48.06637566979276,4.736088299999999,-61007.065,229.33152999999993
325,2348,48.18414738354561,4.747797199999997,-61182.46000000002,229.91652
326,2349,48.301919097298416,4.759506099999996,-61357.85500000004,230.50150999999983
327,2350,48.419690811051254,4.771214999999998,-61533.25,231.0864999999999
328,2351,48.5374625248041,4.782923899999997,-61708.64500000002,231.67148999999995
329,2352,48.655234238556936,4.794632799999999,-61884.04000000004,232.25648
330,2353,48.773005952309745,4.806341699999997,-62059.435,232.84146999999984
331,2354,48.89077766606258,4.818050599999996,-62234.830000000016,233.4264599999999
332,2355,49.00854937981543,4.829759499999998,-62410.225000000035,234.01144999999997
333,2356,49.126321093568265,4.841468399999997,-62585.619999999995,234.59644000000003
334,2357,49.244092807321074,4.853177299999999,-62761.015000000014,235.18142999999986
335,2358,49.36186452107392,4.864886199999997,-62936.41000000003,235.76641999999993
336,2359,49.47963623482676,4.876595099999996,-63111.80500000005,236.35141
337,2360,49.597407948579566,4.888303999999998,-63287.20000000001,236.93639999999982
338,2361,49.7151796623324,4.900012899999997,-63462.59500000003,237.52138999999988
339,2362,49.83295137608525,4.911721799999999,-63637.99000000005,238.10637999999994
340,2363,49.950723089838085,4.923430699999997,-63813.38500000001,238.69137
341,2364,50.068494803590895,4.935139599999996,-63988.78000000003,239.27635999999984
342,2365,50.18626651734374,4.946848499999998,-64164.17500000005,239.8613499999999
343,2366,50.30403823109658,4.958557399999997,-64339.57000000001,240.44633999999996
344,2367,50.421809944849414,4.970266299999999,-64514.965000000026,241.03133000000003
345,2368,50.53958165860223,4.981975199999997,-64690.360000000044,241.61631999999986
346,2369,50.65735337235506,4.993684099999996,-64865.755000000005,242.20130999999992
347,2370,50.775125086107906,5.005392999999998,-65041.15000000002,242.78629999999998
348,2371,50.892896799860715,5.017101899999997,-65216.54500000004,243.37128999999982
349,2372,51.01066851361355,5.028810799999999,-65391.94,243.95627999999988
350,2373,51.1284402273664,5.040519699999997,-65567.33500000002,244.54126999999994
351,2374,51.24621194111924,5.052228599999996,-65742.73000000004,245.12626
352,2375,51.363983654872044,5.063937499999998,-65918.125,245.71124999999984
353,2376,51.48175536862489,5.075646399999997,-66093.52000000002,246.2962399999999
354,2377,51.599527082377726,5.087355299999999,-66268.91500000004,246.88122999999996
355,2378,51.717298796130564,5.099064199999997,-66444.31,247.46622000000002
356,2379,51.83507050988337,5.110773099999996,-66619.70500000002,248.05120999999986
357,2380,51.95284222363622,5.122481999999998,-66795.10000000003,248.63619999999992
358,2381,52.070613937389055,5.134190899999997,-66970.495,249.22118999999998
359,2382,52.188385651141864,5.145899799999999,-67145.89000000001,249.8061799999998
360,2383,52.30615736489471,5.157608699999997,-67321.28500000003,250.39116999999987
361,2384,52.42392907864755,5.169317599999996,-67496.68000000005,250.97615999999994
362,2385,52.541700792400384,5.181026499999998,-67672.07500000001,251.56115
363,2386,52.65947250615319,5.192735399999997,-67847.47000000003,252.14613999999983
364,2387,52.77724421990604,5.204444299999999,-68022.86500000005,252.7311299999999
365,2388,52.895015933658875,5.216153199999997,-68198.26000000001,253.31611999999996
366,2389,53.01278764741172,5.227862099999996,-68373.65500000003,253.90111000000002
367,2390,53.13055936116453,5.239570999999998,-68549.05000000005,254.48609999999985
368,2391,53.24833107491737,5.251279899999997,-68724.445,255.0710899999999
369,2392,53.366102788670204,5.262988799999999,-68899.84000000003,255.65607999999997
370,2393,53.48387450242305,5.274697699999997,-69075.23500000004,256.24107000000004
371,2394,53.60164621617585,5.286406599999996,-69250.63,256.82605999999987
372,2395,53.719417929928696,5.298115499999998,-69426.02500000002,257.41104999999993
373,2396,53.83718964368154,5.309824399999997,-69601.42000000004,257.99604
374,2397,53.95496135743434,5.321533299999999,-69776.815,258.5810299999998
375,2398,54.07273307118719,5.333242199999997,-69952.21000000002,259.1660199999999
376,2399,54.19050478494003,5.344951099999996,-70127.60500000004,259.75100999999995
377,2400,54.30827649869286,5.356659999999998,-70303.0,260.336
378,2401,54.42604821244568,5.368368899999997,-70478.39500000002,260.92098999999985
379,2402,54.543819926198516,5.380077799999999,-70653.79000000004,261.5059799999999
380,2403,54.661591639951354,5.391786699999997,-70829.185,262.09096999999997
381,2404,54.7793633537042,5.403495599999996,-71004.58000000002,262.67596000000003
382,2405,54.89713506745701,5.415204499999998,-71179.97500000003,263.26094999999987
383,2406,55.01490678120985,5.426913399999997,-71355.37000000005,263.8459399999999
384,2407,55.13267849496269,5.438622299999999,-71530.76500000001,264.43093
385,2408,55.2504502087155,5.450331199999997,-71706.16000000003,265.0159199999998
386,2409,55.36822192246834,5.462040099999996,-71881.55500000005,265.6009099999999
387,2410,55.485993636221174,5.473748999999998,-72056.95000000001,266.18589999999995
388,2411,55.60376534997402,5.485457899999997,-72232.34500000003,266.77089
389,2412,55.72153706372683,5.497166799999999,-72407.74000000005,267.35587999999984
390,2413,55.839308777479665,5.508875699999997,-72583.13500000001,267.9408699999999
391,2414,55.95708049123251,5.520584599999996,-72758.53000000003,268.52585999999997
392,2415,56.07485220498535,5.532293499999998,-72933.92500000005,269.11085
393,2416,56.19262391873816,5.5440023999999966,-73109.32,269.69583999999986
394,2417,56.310395632490994,5.555711299999999,-73284.71500000003,270.2808299999999
395,2418,56.428167346243846,5.567420199999997,-73460.11000000004,270.86582
396,2419,56.54593905999664,5.579129099999996,-73635.505,271.4508099999998
397,2420,56.663710773749486,5.590837999999998,-73810.90000000002,272.0357999999999
398,2421,56.78148248750233,5.6025468999999966,-73986.29500000004,272.62078999999994
399,2422,56.89925420125517,5.614255799999999,-74161.69,273.20578
400,2423,57.01702591500798,5.625964699999997,-74337.08500000002,273.79076999999984
401,2424,57.13479762876082,5.637673599999996,-74512.48000000004,274.3757599999999
402,2425,57.25256934251365,5.649382499999998,-74687.875,274.96074999999996
403,2426,57.3703410562665,5.6610913999999966,-74863.27000000002,275.54574
404,2427,57.488112770019306,5.672800299999999,-75038.66500000004,276.13072999999986
405,2428,57.605884483772144,5.684509199999997,-75214.06,276.7157199999999
406,2429,57.72365619752499,5.696218099999996,-75389.45500000002,277.30071
407,2430,57.8414279112778,5.707926999999998,-75564.85000000003,277.8856999999998
408,2431,57.95919962503064,5.7196358999999966,-75740.24500000005,278.4706899999999
409,2432,58.07697133878347,5.731344799999999,-75915.64000000001,279.05567999999994
410,2433,58.19474305253632,5.743053699999997,-76091.03500000003,279.64067
411,2434,58.31251476628913,5.754762599999996,-76266.43000000005,280.22565999999983
412,2435,58.430286480041964,5.766471499999998,-76441.82500000001,280.8106499999999
413,2436,58.54805819379481,5.7781803999999966,-76617.22000000003,281.39563999999996
414,2437,58.66582990754765,5.789889299999999,-76792.61500000005,281.98063
415,2438,58.783601621300456,5.801598199999997,-76968.01000000001,282.56561999999985
416,2439,58.9013733350533,5.813307099999996,-77143.40500000003,283.1506099999999
417,2440,59.019145048806145,5.825015999999998,-77318.80000000005,283.7356
418,2441,59.13691676255895,5.8367248999999966,-77494.195,284.3205899999998
419,2442,59.254688476311784,5.848433799999999,-77669.59000000003,284.9055799999999
420,2443,59.37246019006463,5.860142699999997,-77844.98500000004,285.49056999999993
421,2444,59.49023190381747,5.871851599999996,-78020.38,286.07556
422,2445,59.608003617570276,5.883560499999998,-78195.77500000002,286.66054999999983
423,2446,59.72577533132312,5.8952693999999966,-78371.17000000004,287.2455399999999
424,2447,59.84354704507596,5.906978299999999,-78546.565,287.83052999999995
425,2448,59.961318758828796,5.918687199999997,-78721.96000000002,288.41552
426,2449,60.07909047258162,5.930396099999996,-78897.35500000004,289.00050999999985
427,2450,60.19686218633444,5.942104999999998,-79072.75,289.5854999999999
428,2451,60.31463390008729,5.9538138999999966,-79248.14500000002,290.17049
429,2452,60.43240561384014,5.965522799999999,-79423.54000000004,290.75548000000003
430,2453,60.550177327592934,5.977231699999997,-79598.935,291.34046999999987
431,2454,60.66794904134578,5.988940599999996,-79774.33000000002,291.92545999999993
432,2455,60.78572075509862,6.000649499999998,-79949.72500000003,292.51045
433,2456,60.90349246885143,6.0123583999999965,-80125.12000000005,293.0954399999998
434,2457,61.02126418260426,6.024067299999999,-80300.51500000001,293.6804299999999
435,2458,61.13903589635711,6.035776199999997,-80475.91000000003,294.26541999999995
436,2459,61.25680761010995,6.047485099999996,-80651.30500000005,294.85041
437,2460,61.374579323862754,6.059193999999998,-80826.70000000001,295.43539999999985
438,2461,61.4923510376156,6.0709028999999965,-81002.09500000003,296.0203899999999
439,2462,61.61012275136844,6.082611799999999,-81177.49000000005,296.60537999999997
440,2463,61.727894465121274,6.094320699999997,-81352.88500000001,297.19037000000003
441,2464,61.84566617887409,6.106029599999996,-81528.28000000003,297.77535999999986
442,2465,61.963437892626935,6.117738499999998,-81703.67500000005,298.3603499999999
443,2466,62.081209606379765,6.1294473999999965,-81879.07,298.94534
444,2467,62.198981320132575,6.141156299999999,-82054.46500000003,299.5303299999998
445,2468,62.316753033885426,6.152865199999997,-82229.86000000004,300.1153199999999
446,2469,62.43452474763826,6.164574099999996,-82405.255,300.70030999999994
447,2470,62.5522964613911,6.176282999999998,-82580.65000000002,301.2853
448,2471,62.67006817514392,6.1879918999999965,-82756.04500000004,301.87028999999984
449,2472,62.78783988889675,6.199700799999999,-82931.44,302.4552799999999
450,2473,62.905611602649586,6.211409699999997,-83106.83500000002,303.04026999999996
451,2474,63.02338331640243,6.223118599999996,-83282.23000000004,303.62526
452,2475,63.14115503015523,6.234827499999998,-83457.625,304.21024999999986
453,2476,63.25892674390808,6.2465363999999965,-83633.02000000002,304.7952399999999
454,2477,63.37669845766093,6.258245299999999,-83808.41500000004,305.38023
455,2478,63.494470171413724,6.269954199999997,-83983.81,305.9652199999998
456,2479,63.61224188516657,6.281663099999996,-84159.20500000002,306.5502099999999
457,2480,63.730013598919406,6.293371999999998,-84334.60000000003,307.13519999999994
458,2481,63.84778531267225,6.3050808999999965,-84509.99500000005,307.72019
459,2482,63.96555702642505,6.316789799999999,-84685.39000000001,308.30517999999984
460,2483,64.08332874017789,6.328498699999997,-84860.78500000003,308.8901699999999
461,2484,64.20110045393074,6.340207599999996,-85036.18000000005,309.47515999999996
462,2485,64.31887216768358,6.351916499999998,-85211.57500000001,310.06015
463,2486,64.43664388143638,6.3636253999999965,-85386.97000000003,310.64513999999986
464,2487,64.55441559518923,6.375334299999999,-85562.36500000005,311.2301299999999
465,2488,64.67218730894206,6.387043199999997,-85737.76000000001,311.81512
466,2489,64.78995902269487,6.398752099999996,-85913.15500000003,312.4001099999998
467,2490,64.90773073644772,6.410460999999998,-86088.55000000005,312.9850999999999
468,2491,65.02550245020055,6.4221698999999965,-86263.945,313.57008999999994
469,2492,65.1432741639534,6.433878799999999,-86439.34000000003,314.15508
470,2493,65.26104587770621,6.445587699999997,-86614.73500000004,314.74006999999983
471,2494,65.37881759145904,6.457296599999996,-86790.13,315.3250599999999
472,2495,65.49658930521188,6.469005499999998,-86965.52500000002,315.91004999999996
473,2496,65.61436101896473,6.4807143999999965,-87140.92000000004,316.49504
474,2497,65.73213273271753,6.492423299999999,-87316.315,317.08002999999985
475,2498,65.84990444647038,6.504132199999997,-87491.71000000002,317.6650199999999
476,2499,65.96767616022322,6.515841099999996,-87667.10500000004,318.25001
477,2500,66.08544787397605,6.527549999999998,-87842.5,318.83500000000004
478,2501,66.20321958772887,6.5392588999999965,-88017.89500000002,319.41998999999987
479,2502,66.32099130148171,6.550967799999999,-88193.29000000004,320.00497999999993
480,2503,66.43876301523454,6.562676699999997,-88368.685,320.58997
481,2504,66.55653472898736,6.574385599999996,-88544.08000000002,321.1749599999998
482,2505,66.67430644274019,6.586094499999998,-88719.47500000003,321.7599499999999
483,2506,66.79207815649303,6.5978033999999965,-88894.87000000005,322.34493999999995
484,2507,66.90984987024588,6.609512299999999,-89070.26500000001,322.92993
485,2508,67.02762158399868,6.621221199999997,-89245.66000000003,323.51491999999985
486,2509,67.14539329775153,6.632930099999996,-89421.05500000005,324.0999099999999
487,2510,67.26316501150437,6.644638999999998,-89596.45000000001,324.68489999999997
488,2511,67.3809367252572,6.6563478999999965,-89771.84500000003,325.26989000000003
489,2512,67.49870843901002,6.668056799999999,-89947.24000000005,325.85487999999987
490,2513,67.61648015276285,6.679765699999997,-90122.63500000001,326.4398699999999
491,2514,67.73425186651569,6.691474599999996,-90298.03000000003,327.02486
492,2515,67.85202358026851,6.703183499999998,-90473.42500000005,327.6098499999998
493,2516,67.96979529402134,6.7148923999999965,-90648.82,328.1948399999999
494,2517,68.08756700777418,6.726601299999999,-90824.21500000003,328.77982999999995
495,2518,68.20533872152703,6.738310199999997,-90999.61000000004,329.36482
496,2519,68.32311043527983,6.750019099999996,-91175.005,329.94980999999984
497,2520,68.44088214903267,6.761727999999998,-91350.40000000002,330.5347999999999
498,2521,68.55865386278552,6.7734368999999965,-91525.79500000004,331.11978999999997
499,2522,68.67642557653835,6.785145799999999,-91701.19,331.70478
500,2523,68.79419729029117,6.796854699999997,-91876.58500000002,332.28976999999986
501,2524,68.91196900404401,6.808563599999996,-92051.98000000004,332.8747599999999
502,2525,69.02974071779684,6.820272499999998,-92227.375,333.45975
503,2526,69.14751243154966,6.8319813999999965,-92402.77000000002,334.0447399999998
504,2527,69.2652841453025,6.843690299999999,-92578.16500000004,334.6297299999999
505,2528,69.38305585905532,6.855399199999997,-92753.56,335.21471999999994
506,2529,69.50082757280818,6.867108099999996,-92928.95500000002,335.79971
507,2530,69.61859928656098,6.878816999999998,-93104.35000000003,336.38469999999984
508,2531,69.73637100031382,6.8905258999999965,-93279.74500000005,336.9696899999999
509,2532,69.85414271406667,6.902234799999999,-93455.14000000001,337.55467999999996
510,2533,69.97191442781951,6.913943699999997,-93630.53500000003,338.13967
511,2534,70.08968614157232,6.925652599999996,-93805.93000000005,338.72465999999986
512,2535,70.20745785532516,6.937361499999998,-93981.32500000001,339.3096499999999
513,2536,70.32522956907799,6.9490703999999965,-94156.72000000003,339.89464
514,2537,70.4430012828308,6.960779299999999,-94332.11500000005,340.4796299999998
515,2538,70.56077299658364,6.972488199999997,-94507.51000000001,341.0646199999999
516,2539,70.67854471033648,6.984197099999996,-94682.90500000003,341.64960999999994
517,2540,70.79631642408933,6.995905999999998,-94858.30000000005,342.2346
518,2541,70.91408813784213,7.0076148999999965,-95033.695,342.81958999999983
519,2542,71.03185985159497,7.019323799999999,-95209.09000000003,343.4045799999999
520,2543,71.14963156534783,7.031032699999997,-95384.48500000004,343.98956999999996
521,2544,71.26740327910065,7.042741599999996,-95559.88,344.57456
522,2545,71.38517499285346,7.054450499999998,-95735.27500000002,345.15954999999985
523,2546,71.50294670660631,7.0661593999999965,-95910.67000000004,345.7445399999999
524,2547,71.62071842035914,7.077868299999999,-96086.065,346.32953
525,2548,71.73849013411198,7.089577199999997,-96261.46000000002,346.91452000000004
526,2549,71.8562618478648,7.101286099999996,-96436.85500000004,347.4995099999999
527,2550,71.97403356161763,7.112994999999998,-96612.25,348.08449999999993
528,2551,72.09180527537048,7.1247038999999965,-96787.64500000002,348.66949
529,2552,72.20957698912329,7.136412799999999,-96963.04000000004,349.25447999999983
530,2553,72.32734870287611,7.148121699999997,-97138.435,349.8394699999999
531,2554,72.44512041662897,7.159830599999996,-97313.83000000002,350.42445999999995
532,2555,72.56289213038181,7.171539499999998,-97489.22500000003,351.00945
533,2556,72.68066384413461,7.1832483999999965,-97664.62000000005,351.59443999999985
534,2557,72.79843555788746,7.194957299999999,-97840.01500000001,352.1794299999999
535,2558,72.9162072716403,7.206666199999997,-98015.41000000003,352.76442
536,2559,73.03397898539313,7.218375099999996,-98190.80500000005,353.34941000000003
537,2560,73.15175069914595,7.230083999999998,-98366.20000000001,353.93439999999987
538,2561,73.26952241289878,7.2417928999999965,-98541.59500000003,354.51938999999993
539,2562,73.38729412665164,7.253501799999999,-98716.99000000005,355.10438
540,2563,73.50506584040443,7.265210699999997,-98892.38500000001,355.6893699999998
541,2564,73.62283755415727,7.276919599999996,-99067.78000000003,356.2743599999999
542,2565,73.74060926791013,7.288628499999998,-99243.17500000005,356.85934999999995
543,2566,73.85838098166296,7.3003373999999965,-99418.57,357.44434
544,2567,73.97615269541576,7.312046299999999,-99593.96500000003,358.02932999999985
545,2568,74.09392440916862,7.323755199999997,-99769.36000000004,358.6143199999999
546,2569,74.21169612292144,7.335464099999996,-99944.755,359.19930999999997
547,2570,74.32946783667428,7.347172999999998,-100120.15000000002,359.78430000000003
548,2571,74.4472395504271,7.3588818999999965,-100295.54500000004,360.36928999999986
549,2572,74.56501126417993,7.370590799999999,-100470.94,360.9542799999999
550,2573,74.68278297793277,7.382299699999997,-100646.33500000002,361.53927
551,2574,74.80055469168559,7.394008599999996,-100821.73000000004,362.1242599999998
552,2575,74.91832640543842,7.405717499999998,-100997.125,362.7092499999999
553,2576,75.03609811919127,7.4174263999999965,-101172.52000000002,363.29423999999995
554,2577,75.15386983294411,7.429135299999999,-101347.91500000004,363.87923
555,2578,75.27164154669691,7.440844199999997,-101523.31,364.46421999999984
556,2579,75.38941326044976,7.452553099999996,-101698.70500000002,365.0492099999999
557,2580,75.5071849742026,7.464261999999998,-101874.10000000003,365.63419999999996
558,2581,75.62495668795545,7.4759708999999965,-102049.49500000005,366.21919
559,2582,75.74272840170825,7.487679799999999,-102224.89000000001,366.80417999999986
560,2583,75.8605001154611,7.499388699999997,-102400.28500000003,367.3891699999999
561,2584,75.97827182921394,7.511097599999996,-102575.68000000005,367.97416
562,2585,76.09604354296674,7.522806499999998,-102751.07500000001,368.5591499999998
563,2586,76.21381525671957,7.5345153999999965,-102926.47000000003,369.1441399999999
564,2587,76.33158697047243,7.546224299999999,-103101.86500000005,369.72912999999994
565,2588,76.44935868422526,7.557933199999997,-103277.26000000001,370.31412
566,2589,76.56713039797806,7.569642099999996,-103452.65500000003,370.89910999999984
567,2590,76.68490211173092,7.581350999999998,-103628.05000000005,371.4840999999999
568,2591,76.80267382548375,7.5930598999999965,-103803.445,372.06908999999996
569,2592,76.92044553923658,7.604768799999999,-103978.84000000003,372.65408
570,2593,77.03821725298941,7.616477699999997,-104154.23500000004,373.23906999999986
571,2594,77.15598896674223,7.628186599999996,-104329.63,373.8240599999999
572,2595,77.27376068049507,7.639895499999998,-104505.02500000002,374.40905
573,2596,77.39153239424789,7.6516043999999965,-104680.42000000004,374.9940399999998
574,2597,77.50930410800072,7.663313299999999,-104855.815,375.5790299999999
575,2598,77.62707582175356,7.675022199999997,-105031.21000000002,376.16401999999994
576,2599,77.74484753550641,7.686731099999996,-105206.60500000004,376.74901
577,2600,77.86261924925921,7.698439999999998,-105382.0,377.33399999999983
578,2601,77.98039096301206,7.7101488999999965,-105557.39500000002,377.9189899999999
579,2602,78.0981626767649,7.721857799999999,-105732.79000000004,378.50397999999996
580,2603,78.21593439051773,7.733566699999997,-105908.185,379.08897
581,2604,78.33370610427055,7.745275599999996,-106083.58000000002,379.67395999999985
582,2605,78.45147781802339,7.756984499999998,-106258.97500000003,380.2589499999999
583,2606,78.56924953177624,7.7686933999999965,-106434.37000000005,380.84394
584,2607,78.68702124552907,7.780402299999999,-106609.76500000001,381.42893000000004
585,2608,78.80479295928188,7.792111199999997,-106785.16000000003,382.01391999999987
586,2609,78.92256467303473,7.803820099999996,-106960.55500000005,382.59890999999993
587,2610,79.04033638678756,7.815528999999998,-107135.95000000001,383.1839
588,2611,79.15810810054036,7.8272378999999965,-107311.34500000003,383.76888999999983
589,2612,79.27587981429322,7.838946799999999,-107486.74000000005,384.3538799999999
590,2613,79.39365152804605,7.850655699999997,-107662.13500000001,384.93886999999995
591,2614,79.5114232417989,7.862364599999996,-107837.53000000003,385.52386
592,2615,79.62919495555171,7.874073499999998,-108012.92500000005,386.10884999999985
593,2616,79.74696666930454,7.8857823999999965,-108188.32,386.6938399999999
594,2617,79.86473838305737,7.897491299999999,-108363.71500000003,387.27882999999997
595,2618,79.98251009681022,7.909200199999997,-108539.11000000004,387.86382000000003
596,2619,80.10028181056302,7.920909099999996,-108714.505,388.44880999999987
597,2620,80.21805352431586,7.932617999999998,-108889.90000000002,389.0337999999999
598,2621,80.33582523806871,7.9443268999999965,-109065.29500000004,389.61879
599,2622,80.45359695182151,7.956035799999999,-109240.69,390.2037799999998
600,2623,80.57136866557435,7.967744699999997,-109416.08500000002,390.7887699999999
601,2624,80.68914037932721,7.979453599999996,-109591.48000000004,391.37375999999995
602,2625,80.80691209308003,7.991162499999998,-109766.875,391.95875
603,2626,80.92468380683285,8.002871399999997,-109942.27000000002,392.54373999999984
604,2627,81.04245552058569,8.014580299999999,-110117.66500000004,393.1287299999999
605,2628,81.16022723433854,8.026289199999997,-110293.06000000006,393.71371999999997
606,2629,81.27799894809137,8.037998099999996,-110468.45500000002,394.29871
607,2630,81.39577066184418,8.049706999999998,-110643.85000000003,394.88369999999986
608,2631,81.51354237559703,8.061415899999997,-110819.24500000005,395.4686899999999
609,2632,81.63131408934986,8.073124799999999,-110994.64000000001,396.05368
610,2633,81.74908580310267,8.084833699999997,-111170.03500000003,396.6386699999998
611,2634,81.86685751685552,8.096542599999996,-111345.43000000005,397.2236599999999
612,2635,81.98462923060835,8.108251499999998,-111520.82500000001,397.80864999999994
613,2636,82.1024009443612,8.119960399999997,-111696.22000000003,398.39364
614,2637,82.22017265811401,8.131669299999999,-111871.61500000005,398.97862999999984
615,2638,82.33794437186684,8.143378199999997,-112047.01000000001,399.5636199999999
616,2639,82.45571608561968,8.155087099999996,-112222.40500000003,400.14860999999996
617,2640,82.57348779937253,8.166795999999998,-112397.80000000005,400.7336
618,2641,82.69125951312533,8.178504899999997,-112573.195,401.31858999999986
619,2642,82.80903122687816,8.190213799999999,-112748.59000000003,401.9035799999999
620,2643,82.92680294063102,8.201922699999997,-112923.98500000004,402.48857
621,2644,83.04457465438381,8.213631599999996,-113099.38,403.0735599999998
622,2645,83.16234636813665,8.225340499999998,-113274.77500000002,403.6585499999999
623,2646,83.28011808188951,8.237049399999997,-113450.17000000004,404.24353999999994
624,2647,83.39788979564234,8.248758299999999,-113625.565,404.82853
625,2648,83.51566150939514,8.260467199999997,-113800.96000000002,405.41351999999983
626,2649,83.63343322314799,8.272176099999996,-113976.35500000004,405.9985099999999
627,2650,83.75120493690082,8.283884999999998,-114151.75,406.58349999999996
628,2651,83.86897665065366,8.295593899999997,-114327.14500000002,407.16849
629,2652,83.98674836440648,8.307302799999999,-114502.54000000004,407.75347999999985
630,2653,84.10452007815933,8.319011699999997,-114677.93500000006,408.3384699999999
631,2654,84.22229179191216,8.330720599999996,-114853.33000000002,408.92346
632,2655,84.340063505665,8.342429499999998,-115028.72500000003,409.50845000000004
633,2656,84.45783521941782,8.354138399999997,-115204.12000000005,410.0934399999999
634,2657,84.57560693317065,8.365847299999999,-115379.51500000001,410.67842999999993
635,2658,84.69337864692349,8.377556199999997,-115554.91000000003,411.26342
636,2659,84.81115036067631,8.389265099999996,-115730.30500000005,411.84840999999983
637,2660,84.92892207442914,8.400973999999998,-115905.70000000001,412.4333999999999
638,2661,85.04669378818198,8.412682899999997,-116081.09500000003,413.01838999999995
639,2662,85.16446550193483,8.424391799999999,-116256.49000000005,413.60338
640,2663,85.28223721568763,8.436100699999997,-116431.88500000001,414.18836999999985
641,2664,85.40000892944047,8.447809599999996,-116607.28000000003,414.7733599999999
642,2665,85.51778064319332,8.459518499999998,-116782.67500000005,415.35835
643,2666,85.63555235694615,8.471227399999997,-116958.07,415.94334000000003
644,2667,85.75332407069895,8.482936299999999,-117133.46500000003,416.52832999999987
645,2668,85.87109578445181,8.494645199999997,-117308.86000000004,417.11331999999993
646,2669,85.98886749820464,8.506354099999996,-117484.255,417.69831
647,2670,86.10663921195744,8.518062999999998,-117659.65000000002,418.2832999999998
648,2671,86.2244109257103,8.529771899999997,-117835.04500000004,418.8682899999999
649,2672,86.34218263946313,8.541480799999999,-118010.44,419.45327999999995
650,2673,86.45995435321596,8.553189699999997,-118185.83500000002,420.03827
651,2674,86.57772606696878,8.564898599999996,-118361.23000000004,420.62325999999985
652,2675,86.69549778072161,8.576607499999998,-118536.625,421.2082499999999
653,2676,86.81326949447445,8.588316399999997,-118712.02000000002,421.79323999999997
654,2677,86.93104120822731,8.600025299999999,-118887.41500000004,422.37823000000003
655,2678,87.04881292198012,8.611734199999997,-119062.81000000006,422.96321999999986
656,2679,87.16658463573295,8.623443099999996,-119238.20500000002,423.5482099999999
657,2680,87.28435634948579,8.635151999999998,-119413.60000000003,424.1332
658,2681,87.4021280632386,8.646860899999997,-119588.99500000005,424.7181899999998
659,2682,87.51989977699144,8.658569799999999,-119764.39000000001,425.3031799999999
660,2683,87.63767149074428,8.670278699999997,-119939.78500000003,425.88816999999995
661,2684,87.75544320449713,8.681987599999996,-120115.18000000005,426.47316
662,2685,87.87321491824993,8.693696499999998,-120290.57500000001,427.05814999999984
663,2686,87.99098663200277,8.705405399999997,-120465.97000000003,427.6431399999999
664,2687,88.10875834575562,8.717114299999999,-120641.36500000005,428.22812999999996
665,2688,88.22653005950845,8.728823199999997,-120816.76000000001,428.81312
666,2689,88.34430177326126,8.740532099999996,-120992.15500000003,429.39810999999986
667,2690,88.46207348701411,8.752240999999998,-121167.55000000005,429.9830999999999
668,2691,88.57984520076694,8.763949899999997,-121342.945,430.56809
669,2692,88.69761691451974,8.775658799999999,-121518.34000000003,431.1530799999998
670,2693,88.8153886282726,8.787367699999997,-121693.73500000004,431.7380699999999
671,2694,88.93316034202543,8.799076599999996,-121869.13,432.32305999999994
672,2695,89.05093205577828,8.810785499999998,-122044.52500000002,432.90805
673,2696,89.16870376953109,8.822494399999997,-122219.92000000004,433.49303999999984
674,2697,89.28647548328392,8.834203299999999,-122395.315,434.0780299999999
675,2698,89.40424719703675,8.845912199999997,-122570.71000000002,434.66301999999996
676,2699,89.52201891078961,8.857621099999996,-122746.10500000004,435.24801
677,2700,89.63979062454241,8.869329999999998,-122921.5,435.83299999999986
678,2701,89.75756233829524,8.881038899999997,-123096.89500000002,436.4179899999999
679,2702,89.8753340520481,8.892747799999999,-123272.29000000004,437.00298
680,2703,89.9931057658009,8.904456699999997,-123447.68500000006,437.5879699999998
681,2704,90.11087747955374,8.916165599999996,-123623.08000000002,438.1729599999999
682,2705,90.22864919330658,8.927874499999998,-123798.47500000003,438.75794999999994
683,2706,90.34642090705943,8.939583399999997,-123973.87000000005,439.34294
684,2707,90.46419262081223,8.951292299999999,-124149.26500000001,439.92792999999983
685,2708,90.58196433456507,8.963001199999997,-124324.66000000003,440.5129199999999
686,2709,90.69973604831792,8.974710099999996,-124500.05500000005,441.09790999999996
687,2710,90.81750776207075,8.986418999999998,-124675.45000000001,441.6829
688,2711,90.93527947582356,8.998127899999997,-124850.84500000003,442.26788999999985
689,2712,91.05305118957641,9.009836799999999,-125026.24000000005,442.8528799999999
690,2713,91.17082290332924,9.021545699999997,-125201.63500000001,443.43787
691,2714,91.2885946170821,9.033254599999996,-125377.03000000003,444.02286000000004
692,2715,91.4063663308349,9.044963499999998,-125552.42500000005,444.60784999999987
693,2716,91.52413804458773,9.056672399999997,-125727.82,445.19283999999993
694,2717,91.64190975834057,9.068381299999999,-125903.21500000003,445.77783
695,2718,91.75968147209338,9.080090199999997,-126078.61000000004,446.36281999999983
696,2719,91.87745318584622,9.091799099999996,-126254.005,446.9478099999999
697,2720,91.99522489959905,9.103507999999998,-126429.40000000002,447.53279999999995
698,2721,92.11299661335191,9.115216899999997,-126604.79500000004,448.11779
699,2722,92.23076832710471,9.126925799999999,-126780.19,448.70277999999985
700,2723,92.34854004085756,9.138634699999997,-126955.58500000002,449.2877699999999
701,2724,92.46631175461039,9.150343599999996,-127130.98000000004,449.87275999999997
702,2725,92.58408346836323,9.162052499999998,-127306.375,450.45775000000003
703,2726,92.70185518211603,9.173761399999997,-127481.77000000002,451.04273999999987
704,2727,92.8196268958689,9.185470299999999,-127657.16500000004,451.62772999999993
705,2728,92.93739860962174,9.197179199999997,-127832.56000000006,452.21272
706,2729,93.05517032337453,9.208888099999996,-128007.95500000002,452.7977099999998
707,2730,93.17294203712737,9.220596999999998,-128183.35000000003,453.3826999999999
708,2731,93.29071375088022,9.232305899999997,-128358.74500000005,453.96768999999995
709,2732,93.40848546463305,9.244014799999999,-128534.14000000001,454.55268
710,2733,93.52625717838588,9.255723699999997,-128709.53500000003,455.13766999999984
711,2734,93.6440288921387,9.2674326,-128884.93000000005,455.7226599999999
712,2735,93.76180060589154,9.279141499999994,-129060.32500000001,456.30764999999997
713,2736,93.87957231964438,9.290850399999997,-129235.72000000003,456.89264000000003
714,2737,93.9973440333972,9.302559299999999,-129411.11500000005,457.47762999999986
715,2738,94.11511574715003,9.314268199999994,-129586.51000000001,458.0626199999999
716,2739,94.23288746090289,9.325977099999996,-129761.90500000003,458.64761
717,2740,94.35065917465569,9.337685999999998,-129937.30000000005,459.2325999999998
718,2741,94.46843088840852,9.3493949,-130112.695,459.8175899999999
719,2742,94.58620260216136,9.361103799999995,-130288.09000000003,460.40257999999994
720,2743,94.70397431591421,9.372812699999997,-130463.48500000004,460.98757
721,2744,94.82174602966701,9.3845216,-130638.88,461.57255999999984
722,2745,94.93951774341984,9.396230499999994,-130814.27500000002,462.1575499999999
723,2746,95.0572894571727,9.407939399999997,-130989.67000000004,462.74253999999996
724,2747,95.17506117092553,9.419648299999999,-131165.065,463.32753
725,2748,95.29283288467835,9.431357199999994,-131340.46000000002,463.91251999999986
726,2749,95.41060459843118,9.443066099999996,-131515.85500000004,464.4975099999999
727,2750,95.52837631218402,9.454774999999998,-131691.25,465.0825
728,2751,95.64614802593684,9.4664839,-131866.64500000002,465.6674899999998
729,2752,95.76391973968968,9.478192799999995,-132042.04000000004,466.2524799999999
730,2753,95.88169145344251,9.489901699999997,-132217.43500000006,466.83746999999994
731,2754,95.99946316719536,9.5016106,-132392.83000000002,467.42246
732,2755,96.11723488094816,9.513319499999994,-132568.22500000003,468.00744999999984
733,2756,96.235006594701,9.525028399999997,-132743.62000000005,468.5924399999999
734,2757,96.35277830845384,9.536737299999999,-132919.015,469.17742999999996
735,2758,96.4705500222067,9.548446199999994,-133094.41000000003,469.76242
736,2759,96.5883217359595,9.560155099999996,-133269.80500000005,470.34740999999985
737,2760,96.70609344971233,9.571863999999998,-133445.2,470.9323999999999
738,2761,96.82386516346517,9.5835729,-133620.59500000003,471.51739
739,2762,96.94163687721802,9.595281799999995,-133795.99000000005,472.10238000000004
740,2763,97.05940859097082,9.606990699999997,-133971.385,472.6873699999999
741,2764,97.17718030472368,9.6186996,-134146.78000000003,473.27235999999994
742,2765,97.29495201847651,9.630408499999994,-134322.17500000005,473.85735
743,2766,97.41272373222931,9.642117399999997,-134497.57,474.44233999999983
744,2767,97.53049544598215,9.653826299999999,-134672.96500000003,475.0273299999999
745,2768,97.648267159735,9.665535199999994,-134848.36000000004,475.61231999999995
746,2769,97.76603887348783,9.677244099999996,-135023.755,476.19731
747,2770,97.88381058724065,9.688952999999998,-135199.15000000002,476.78229999999985
748,2771,98.00158230099349,9.7006619,-135374.54500000004,477.3672899999999
749,2772,98.11935401474632,9.712370799999995,-135549.94,477.95228
750,2773,98.23712572849917,9.724079699999997,-135725.33500000002,478.53727000000003
751,2774,98.35489744225197,9.7357886,-135900.73000000004,479.12225999999987
752,2775,98.4726691560048,9.747497499999994,-136076.125,479.70724999999993
753,2776,98.59044086975764,9.759206399999997,-136251.52000000002,480.29224
754,2777,98.70821258351047,9.770915299999999,-136426.91500000004,480.8772299999998
755,2778,98.8259842972633,9.782624199999994,-136602.31000000006,481.4622199999999
756,2779,98.94375601101615,9.794333099999996,-136777.70500000002,482.04720999999995
757,2780,99.06152772476898,9.806041999999998,-136953.10000000003,482.6322
758,2781,99.1792994385218,9.8177509,-137128.49500000005,483.21718999999985
759,2782,99.29707115227463,9.829459799999995,-137303.89,483.8021799999999
760,2783,99.41484286602748,9.841168699999997,-137479.28500000003,484.38716999999997
761,2784,99.53261457978033,9.8528776,-137654.68000000005,484.97216000000003
762,2785,99.65038629353312,9.864586499999994,-137830.075,485.55714999999987
763,2786,99.76815800728596,9.876295399999997,-138005.47000000003,486.1421399999999
764,2787,99.8859297210388,9.888004299999999,-138180.86500000005,486.72713
765,2788,100.00370143479161,9.899713199999994,-138356.26,487.3121199999998
766,2789,100.12147314854445,9.911422099999996,-138531.65500000003,487.8971099999999
767,2790,100.2392448622973,9.923130999999998,-138707.05000000005,488.48209999999995
768,2791,100.35701657605013,9.9348399,-138882.445,489.06709
769,2792,100.47478828980294,9.946548799999995,-139057.84000000003,489.65207999999984
770,2793,100.59256000355579,9.958257699999997,-139233.23500000004,490.2370699999999
771,2794,100.71033171730862,9.9699666,-139408.63,490.82205999999996
772,2795,100.82810343106148,9.981675499999994,-139584.02500000002,491.40705
773,2796,100.94587514481428,9.993384399999997,-139759.42000000004,491.99203999999986
774,2797,101.06364685856711,10.005093299999999,-139934.815,492.5770299999999
775,2798,101.18141857231996,10.016802199999994,-140110.21000000002,493.16202
776,2799,101.29919028607276,10.028511099999996,-140285.60500000004,493.7470099999998
777,2800,101.4169619998256,10.040219999999998,-140461.0,494.3319999999999
778,2801,101.53473371357843,10.0519289,-140636.39500000002,494.91698999999994
779,2802,101.65250542733129,10.063637799999995,-140811.79000000004,495.50198
780,2803,101.77027714108411,10.075346699999997,-140987.18500000006,496.08696999999984
781,2804,101.88804885483694,10.0870556,-141162.58000000002,496.6719599999999
782,2805,102.00582056858977,10.098764499999994,-141337.97500000003,497.25694999999996
783,2806,102.12359228234261,10.110473399999997,-141513.37000000005,497.84194
784,2807,102.24136399609542,10.122182299999999,-141688.765,498.42692999999986
785,2808,102.35913570984827,10.133891199999994,-141864.16000000003,499.0119199999999
786,2809,102.47690742360112,10.145600099999996,-142039.55500000005,499.59691
787,2810,102.59467913735395,10.157308999999998,-142214.95,500.18190000000004
788,2811,102.71245085110675,10.1690179,-142390.34500000003,500.7668899999999
789,2812,102.8302225648596,10.180726799999995,-142565.74000000005,501.35187999999994
790,2813,102.94799427861244,10.192435699999997,-142741.135,501.93687
791,2814,103.06576599236524,10.2041446,-142916.53000000003,502.52185999999983
792,2815,103.18353770611809,10.215853499999994,-143091.92500000005,503.1068499999999
793,2816,103.30130941987092,10.227562399999997,-143267.32,503.69183999999996
794,2817,103.41908113362376,10.239271299999999,-143442.71500000003,504.27683
795,2818,103.53685284737658,10.250980199999994,-143618.11000000004,504.86181999999985
796,2819,103.65462456112941,10.262689099999996,-143793.505,505.4468099999999
797,2820,103.77239627488224,10.274397999999998,-143968.90000000002,506.0318
798,2821,103.8901679886351,10.2861069,-144144.29500000004,506.61679000000004
799,2822,104.0079397023879,10.297815799999995,-144319.69,507.20177999999987
800,2823,104.12571141614075,10.309524699999997,-144495.08500000002,507.78676999999993
801,2824,104.24348312989359,10.3212336,-144670.48000000004,508.37176
802,2825,104.36125484364639,10.332942499999994,-144845.875,508.95674999999983
803,2826,104.47902655739922,10.344651399999996,-145021.27000000002,509.5417399999999
804,2827,104.59679827115208,10.356360299999999,-145196.66500000004,510.12672999999995
805,2828,104.71456998490493,10.368069199999994,-145372.06000000006,510.71172
806,2829,104.83234169865773,10.379778099999996,-145547.45500000002,511.29670999999985
807,2830,104.95011341241056,10.391486999999998,-145722.85000000003,511.8816999999999
808,2831,105.0678851261634,10.4031959,-145898.24500000005,512.46669
809,2832,105.18565683991625,10.414904799999995,-146073.64,513.05168
810,2833,105.30342855366906,10.426613699999997,-146249.03500000003,513.6366699999999
811,2834,105.42120026742191,10.4383226,-146424.43000000005,514.2216599999999
812,2835,105.53897198117474,10.450031499999994,-146599.825,514.80665
813,2836,105.65674369492754,10.461740399999996,-146775.22000000003,515.3916399999998
814,2837,105.77451540868039,10.473449299999999,-146950.61500000005,515.9766299999999
815,2838,105.89228712243322,10.485158199999994,-147126.01,516.56162
816,2839,106.01005883618608,10.496867099999996,-147301.40500000003,517.14661
817,2840,106.12783054993888,10.508575999999998,-147476.80000000005,517.7315999999998
818,2841,106.24560226369171,10.5202849,-147652.195,518.3165899999999
819,2842,106.36337397744455,10.531993799999995,-147827.59000000003,518.90158
820,2843,106.4811456911974,10.543702699999997,-148002.98500000004,519.48657
821,2844,106.5989174049502,10.5554116,-148178.38,520.0715599999999
822,2845,106.71668911870303,10.567120499999994,-148353.77500000002,520.6565499999999
823,2846,106.83446083245589,10.578829399999996,-148529.17000000004,521.24154
824,2847,106.95223254620869,10.590538299999999,-148704.565,521.8265299999998
825,2848,107.07000425996154,10.602247199999994,-148879.96000000002,522.4115199999999
826,2849,107.18777597371438,10.613956099999996,-149055.35500000004,522.99651
827,2850,107.30554768746723,10.625664999999998,-149230.75000000006,523.5815
828,2851,107.42331940122003,10.6373739,-149406.14500000002,524.1664899999998
829,2852,107.54109111497287,10.649082799999995,-149581.54000000004,524.7514799999999
830,2853,107.65886282872572,10.660791699999997,-149756.93500000006,525.33647
831,2854,107.77663454247855,10.6725006,-149932.33000000002,525.92146
832,2855,107.89440625623135,10.684209499999994,-150107.72500000003,526.5064499999999
833,2856,108.0121779699842,10.695918399999996,-150283.12000000005,527.0914399999999
834,2857,108.12994968373704,10.707627299999999,-150458.515,527.67643
835,2858,108.24772139748985,10.719336199999994,-150633.91000000003,528.2614199999998
836,2859,108.3654931112427,10.731045099999996,-150809.30500000005,528.8464099999999
837,2860,108.48326482499553,10.742753999999998,-150984.7,529.4313999999999
838,2861,108.60103653874836,10.7544629,-151160.09500000003,530.01639
839,2862,108.71880825250118,10.766171799999995,-151335.49000000005,530.6013799999998
840,2863,108.83657996625402,10.777880699999997,-151510.885,531.1863699999999
841,2864,108.95435168000687,10.7895896,-151686.28000000003,531.77136
842,2865,109.07212339375971,10.801298499999994,-151861.67500000005,532.35635
843,2866,109.1898951075125,10.813007399999996,-152037.07,532.9413399999999
844,2867,109.30766682126534,10.824716299999999,-152212.46500000003,533.5263299999999
845,2868,109.42543853501819,10.836425199999994,-152387.86000000004,534.11132
846,2869,109.54321024877102,10.848134099999996,-152563.255,534.69631
847,2870,109.66098196252383,10.859842999999998,-152738.65000000002,535.2812999999999
848,2871,109.77875367627668,10.8715519,-152914.04500000004,535.8662899999999
849,2872,109.89652539002951,10.883260799999995,-153089.44,536.45128
850,2873,110.01429710378233,10.894969699999997,-153264.83500000002,537.0362699999998
851,2874,110.13206881753517,10.9066786,-153440.23000000004,537.6212599999999
852,2875,110.24984053128802,10.918387499999994,-153615.62500000006,538.20625
853,2876,110.36761224504085,10.930096399999996,-153791.02000000002,538.79124
854,2877,110.48538395879366,10.941805299999999,-153966.41500000004,539.3762299999999
855,2878,110.6031556725465,10.953514199999994,-154141.81000000006,539.9612199999999
856,2879,110.72092738629934,10.965223099999996,-154317.20500000002,540.54621
857,2880,110.83869910005218,10.976931999999998,-154492.60000000003,541.1312
858,2881,110.95647081380498,10.9886409,-154667.99500000005,541.7161899999999
859,2882,111.07424252755783,11.000349799999995,-154843.39,542.3011799999999
860,2883,111.19201424131067,11.012058699999997,-155018.78500000003,542.88617
861,2884,111.30978595506349,11.0237676,-155194.18000000005,543.4711599999998
862,2885,111.4275576688163,11.035476499999994,-155369.575,544.0561499999999
863,2886,111.54532938256915,11.047185399999996,-155544.97000000003,544.64114
864,2887,111.663101096322,11.058894299999999,-155720.36500000005,545.22613
865,2888,111.7808728100748,11.070603199999994,-155895.76,545.8111199999998
866,2889,111.89864452382766,11.082312099999996,-156071.15500000003,546.3961099999999
867,2890,112.0164162375805,11.094020999999998,-156246.55000000005,546.9811
868,2891,112.13418795133333,11.1057299,-156421.945,547.56609
869,2892,112.25195966508613,11.117438799999995,-156597.34000000003,548.1510799999999
870,2893,112.36973137883898,11.129147699999997,-156772.73500000004,548.7360699999999
871,2894,112.48750309259181,11.1408566,-156948.13,549.32106
872,2895,112.60527480634462,11.152565499999994,-157123.52500000002,549.9060499999998
873,2896,112.72304652009747,11.164274399999996,-157298.92000000004,550.4910399999999
874,2897,112.8408182338503,11.175983299999999,-157474.315,551.07603
875,2898,112.95858994760314,11.187692199999994,-157649.71000000002,551.66102
876,2899,113.07636166135596,11.199401099999996,-157825.10500000004,552.2460099999998
877,2900,113.19413337510882,11.211109999999998,-158000.50000000006,552.8309999999999
878,2901,113.31190508886164,11.2228189,-158175.89500000002,553.41599
879,2902,113.42967680261448,11.234527799999995,-158351.29000000004,554.00098
880,2903,113.5474485163673,11.246236699999997,-158526.68500000006,554.5859699999999
881,2904,113.66522023012013,11.2579456,-158702.08000000002,555.1709599999999
882,2905,113.78299194387297,11.269654499999994,-158877.47500000003,555.75595
883,2906,113.90076365762577,11.281363399999996,-159052.87000000005,556.3409399999998
884,2907,114.01853537137862,11.293072299999999,-159228.265,556.9259299999999
885,2908,114.13630708513146,11.304781199999994,-159403.66000000003,557.5109199999999
886,2909,114.25407879888431,11.316490099999996,-159579.05500000005,558.09591
887,2910,114.3718505126371,11.328198999999998,-159754.45,558.6808999999998
888,2911,114.48962222638995,11.3399079,-159929.84500000003,559.2658899999999
889,2912,114.60739394014279,11.351616799999995,-160105.24000000005,559.85088
890,2913,114.72516565389562,11.363325699999997,-160280.635,560.43587
891,2914,114.84293736764845,11.3750346,-160456.03000000003,561.0208599999999
892,2915,114.96070908140129,11.386743499999994,-160631.42500000005,561.6058499999999
893,2916,115.0784807951541,11.398452399999996,-160806.82,562.19084
894,2917,115.19625250890695,11.410161299999999,-160982.21500000003,562.77583
895,2918,115.31402422265977,11.421870199999994,-161157.61000000004,563.3608199999999
896,2919,115.43179593641261,11.433579099999996,-161333.005,563.9458099999999
897,2920,115.54956765016546,11.445287999999998,-161508.40000000002,564.5308
898,2921,115.66733936391826,11.4569969,-161683.79500000004,565.1157899999998
899,2922,115.78511107767109,11.468705799999995,-161859.19,565.7007799999999
900,2923,115.90288279142393,11.480414699999997,-162034.58500000002,566.28577
901,2924,116.02065450517678,11.4921236,-162209.98000000004,566.87076
902,2925,116.13842621892961,11.503832499999994,-162385.37500000006,567.4557499999999
903,2926,116.25619793268243,11.515541399999996,-162560.77000000002,568.0407399999999
904,2927,116.37396964643527,11.527250299999999,-162736.16500000004,568.62573
905,2928,116.49174136018812,11.538959199999994,-162911.56000000006,569.21072
906,2929,116.60951307394092,11.550668099999996,-163086.95500000002,569.7957099999999
907,2930,116.72728478769376,11.562376999999998,-163262.35000000003,570.3806999999999
908,2931,116.84505650144662,11.5740859,-163437.74500000005,570.96569
909,2932,116.96282821519941,11.585794799999995,-163613.14,571.5506799999998
910,2933,117.08059992895225,11.597503699999997,-163788.53500000003,572.1356699999999
911,2934,117.1983716427051,11.6092126,-163963.93000000005,572.72066
912,2935,117.31614335645793,11.620921499999994,-164139.325,573.30565
913,2936,117.43391507021073,11.632630399999996,-164314.72000000003,573.8906399999998
914,2937,117.55168678396358,11.644339299999999,-164490.11500000005,574.4756299999999
915,2938,117.66945849771642,11.656048199999994,-164665.51,575.06062
916,2939,117.78723021146926,11.667757099999996,-164840.90500000003,575.64561
917,2940,117.90500192522208,11.679465999999998,-165016.30000000005,576.2305999999999
918,2941,118.0227736389749,11.6911749,-165191.695,576.8155899999999
919,2942,118.14054535272774,11.702883799999995,-165367.09000000003,577.40058
920,2943,118.25831706648056,11.714592699999997,-165542.48500000004,577.9855699999998
921,2944,118.3760887802334,11.7263016,-165717.88,578.5705599999999
922,2945,118.49386049398625,11.738010499999994,-165893.27500000002,579.15555
923,2946,118.61163220773909,11.749719399999996,-166068.67000000004,579.74054
924,2947,118.72940392149188,11.761428299999999,-166244.065,580.3255299999998
925,2948,118.84717563524472,11.773137199999994,-166419.46000000002,580.9105199999999
926,2949,118.96494734899757,11.784846099999996,-166594.85500000004,581.49551
927,2950,119.08271906275043,11.796554999999998,-166770.25000000006,582.0805
928,2951,119.20049077650322,11.8082639,-166945.64500000002,582.6654899999999
929,2952,119.31826249025606,11.819972799999995,-167121.04000000004,583.2504799999999
930,2953,119.4360342040089,11.831681699999997,-167296.43500000006,583.83547
931,2954,119.55380591776172,11.8433906,-167471.83000000002,584.4204599999998
932,2955,119.67157763151455,11.855099499999994,-167647.22500000003,585.0054499999999
933,2956,119.7893493452674,11.866808399999996,-167822.62000000005,585.59044
934,2957,119.90712105902023,11.878517299999999,-167998.015,586.17543
935,2958,120.02489277277304,11.890226199999994,-168173.41000000003,586.7604199999998
936,2959,120.14266448652589,11.901935099999996,-168348.80500000005,587.3454099999999
937,2960,120.26043620027872,11.913643999999998,-168524.2,587.9304
938,2961,120.37820791403156,11.9253529,-168699.59500000003,588.51539
939,2962,120.49597962778437,11.937061799999995,-168874.99000000005,589.1003799999999
940,2963,120.61375134153721,11.948770699999997,-169050.385,589.6853699999999
941,2964,120.73152305529005,11.9604796,-169225.78000000003,590.27036
942,2965,120.84929476904287,11.972188499999994,-169401.17500000005,590.8553499999998
943,2966,120.96706648279569,11.983897399999996,-169576.57,591.4403399999999
944,2967,121.08483819654853,11.995606299999999,-169751.96500000003,592.0253299999999
945,2968,121.20260991030138,12.007315199999994,-169927.36000000004,592.61032
946,2969,121.32038162405418,12.019024099999996,-170102.755,593.1953099999998
947,2970,121.43815333780704,12.030732999999998,-170278.15000000002,593.7802999999999
948,2971,121.55592505155988,12.0424419,-170453.54500000004,594.36529
949,2972,121.6736967653127,12.054150799999995,-170628.94,594.95028
950,2973,121.79146847906553,12.065859699999997,-170804.33500000002,595.5352699999999
951,2974,121.90924019281836,12.0775686,-170979.73000000004,596.1202599999999
952,2975,122.02701190657122,12.089277499999994,-171155.12500000006,596.70525
953,2976,122.14478362032405,12.100986399999996,-171330.52000000002,597.29024
954,2977,122.26255533407685,12.112695299999999,-171505.91500000004,597.8752299999999
955,2978,122.3803270478297,12.124404199999994,-171681.31000000006,598.4602199999999
956,2979,122.49809876158254,12.136113099999996,-171856.70500000002,599.04521
957,2980,122.61587047533534,12.147821999999998,-172032.10000000003,599.6301999999998
958,2981,122.73364218908817,12.1595309,-172207.49500000005,600.2151899999999
959,2982,122.85141390284102,12.171239799999995,-172382.89,600.80018
960,2983,122.96918561659386,12.182948699999997,-172558.28500000003,601.38517
961,2984,123.08695733034668,12.1946576,-172733.68000000005,601.9701599999999
962,2985,123.20472904409951,12.206366499999994,-172909.075,602.5551499999999
963,2986,123.32250075785235,12.218075399999996,-173084.47000000003,603.14014
964,2987,123.44027247160521,12.229784299999999,-173259.86500000005,603.72513
965,2988,123.55804418535799,12.241493199999994,-173435.26,604.3101199999999
966,2989,123.67581589911084,12.253202099999996,-173610.65500000003,604.8951099999999
967,2990,123.79358761286369,12.264910999999998,-173786.05000000005,605.4801
968,2991,123.91135932661649,12.2766199,-173961.44500000007,606.0650899999998
969,2992,124.02913104036934,12.288328799999995,-174136.84000000008,606.6500799999999
970,2993,124.14690275412217,12.300037699999997,-174312.235,607.23507
971,2994,124.264674467875,12.3117466,-174487.63,607.82006
972,2995,124.38244618162783,12.323455499999994,-174663.02500000002,608.4050499999998
973,2996,124.50021789538067,12.335164399999996,-174838.42000000004,608.9900399999999
974,2997,124.6179896091335,12.346873299999999,-175013.81500000006,609.57503
975,2998,124.73576132288635,12.358582199999994,-175189.21000000008,610.16002
976,2999,124.85353303663915,12.370291099999996,-175364.60499999998,610.7450099999999
977,3000,124.971304750392,12.381999999999998,-175540.0,611.3299999999999
